<?xml version="1.0" encoding="UTF-8"?><rss version="2.0"
	xmlns:content="http://purl.org/rss/1.0/modules/content/"
	xmlns:dc="http://purl.org/dc/elements/1.1/"
	xmlns:atom="http://www.w3.org/2005/Atom"
	xmlns:sy="http://purl.org/rss/1.0/modules/syndication/"
	
	>
<channel>
	<title>
	Comments on: Pellentesque adipiscing iaculis hac aliquam	</title>
	<atom:link href="http://localhost/MuWebsite/2021/02/15/pellentesque-adipiscing-iaculis-hac-aliquam/feed/" rel="self" type="application/rss+xml" />
	<link>./../index.html</link>
	<description>The first, the largest, the most-acclaimed medical fraternity in the Philippines and in Asia. All for the Glory of the Mu Sigma Phi!</description>
	<lastBuildDate>Mon, 15 Feb 2021 12:52:46 +0000</lastBuildDate>
	<sy:updatePeriod>
	hourly	</sy:updatePeriod>
	<sy:updateFrequency>
	1	</sy:updateFrequency>
	<generator>https://wordpress.org/?v=5.8</generator>
</channel>
</rss>
